"","Kingdom","Phylum","Class","Order","Family","Genus","Species"
"CTTGGTCATTTAGAGGAAGTAAAAGTCGTAACAAGGTCTCCGTTGGTGAACCAGCGGAGGGATCATTACCGAGTTTACAACTCCCAAACCCCTGTGAACATACCAATTGTTGCCTCGGCGGATCAGCCCGCTCCCGGTAAAACGGGACGGCCCGCCAGAGGACCCCTAAACTCTGTTTCTATATGTAACTTCTGAGTAAAACCATAAATAAATCAAAACTTTCAACAACGGATCTCTTGGTTCTGGCATCGATGAAGAACGCAGC","k__Fungi","p__Ascomycota","c__Sordariomycetes","o__Hypocreales","f__Nectriaceae","g__Fusarium",NA
"CTTGGTCATTTAGAGGAAGTAAAAGTCGTAACAAGGTTTCCGTAGGTGAACCTGCGGAAGGATCATTACCGAGTGCGGGTCCTCGCGGCCCAACCTCCCACCCTTGTCTCTATACACCTGTTGCTTTGGCGGGCCCACTGGGGCCACCTGGTCGCCGGGGGACGCATGTCCCCGGGCCCGCGCCCGCCGAAGCGCTCTGTGAACCCTGATGAAGATGGGCTGTCTGAGTACCATGAAAATTGTCAAAACTTTCAACAATGGATCTCTTGGTTCCGGCATCGATGAAGAACGCAGC","k__Fungi","p__Ascomycota","c__Eurotiomycetes","o__Eurotiales","f__Trichocomaceae","g__Talaromyces",NA
"GTGAGTCATCGAGTCTTTGAACGCACATTGCGCCCCTCGGTATTCCGTGGGGCATGCCTGTTCGAGCGTCATCTACACCCTCAAGCTCTGCTTGGTGTTGGGCGTCTGTCCCGCCTCCGCGCGTGGACTCGCCCCAAATTCATTGGCAGCGGTCCTTGCCTCCTCTCGCGCAGCACATTGCGCTTCTCGAGGGGCTACGGCTCGCGTCCAACAAGCACATTTACCGTCTTTGACCTCGGATCAGGTAGGGATACCCGCTGAACTTAAGCATATCAATAAGCGGAGGA","k__Fungi","p__Ascomycota","c__Dothideomycetes","o__Pleosporales","f__Didymosphaeriaceae",NA,NA
"GTGAGTCATCGAGTCTTTGAACGCACATTGCGCCCCTTGGTATTCCATGGGGCATGCCTGTTCGAGCGTCATTTGTACCTTCAAGCTCTGCTTGGTGTTGGGTGTTTTGTCTCGCCTCCGCGCGCAGACTCGCCTTAAAACAATTGGCAGCCGGCGTATTGATTTCGGAGCGCAGTACATCTCGCGCTTTGCACTCATAACGACGACGTCCAAAAGTACATTTTTACACTCTTGACCTCGGATCAGGTAGGGATACCCGCTGAACTTAAGCATATCAATAAGCGGAGGA","k__Fungi","p__Ascomycota","c__Dothideomycetes","o__Pleosporales","f__Didymellaceae","g__Epicoccum",NA
"GTGAGTCATCGAGTCTTTGAACGCACATTGCGCCCCCTGGTATTCCGGGGGGCATGCCTGTTCGAGCGTCATTTCACCACTCAAGCCTCGCTTGGTATTGGGCAACGCGGTCCGCCGCGTGCCTCAAATCGACCGGCTGGGTCTTCTGTCCCCTAAGCGTTGTGGAAACTATTCGCTAAAGGGTGTTCGGGAGGCTACGCCGTAAAACAACCCCATTTCTAAGGTTGACCTCGGATCAGGTAGGGATACCCGCTGAACTTAAGCATATCAATAAGCGGAGGA","k__Fungi","p__Ascomycota","c__Dothideomycetes","o__Cladosporiales","f__Cladosporiaceae","g__Cladosporium","s__herbarum"
"GTGAGTCATCGAGTCTTTGAACGCATATTGCGCCCCTTGGTATTCCGGGGGGCACACCTGTTCGAGCGCCATTTAGACCCTCAAGCATAGCTTGTTGTTGGGCAAGGTCCCTTAAGGGACCAGCCCGTAACTTGTAGGCGGTCACCGACCTAATCTTCAGCGTAGCAAGCTCACGCATTCGCTCGGGAAAAGGCGCGTTTGACCCGTCAATCCAAACCACCCTTTTTTTTTTTTAAGGTTTGGCCTCGGATCAGGTGGGGATACCCGCTGAACTTAAGCATATCAATAAGCGGAGGA","k__Fungi","p__Ascomycota","c__Dothideomycetes",NA,NA,NA,NA
"CTTGGTCATTTAGAGGAAGTAAAAGTCGTAACAAGGTCTCCGTTGGTGAACCAGCGGAGGGATCATTACCGAGTTTACAACTCCCAAACCCTTTGTGAACCTTACCTATCGTTGCTTCGGCGGGACCGCCCCGGCGCCTTCAAAACGCGCCGGAACAAGGCGCCCGCCGGAGGTATTCAAACTCTTGTTTTTTAGTGGTATCTCTGAGTGGCGAAAGCAAAAATGAATCAAAACTTTCAACAACGGATCTCTTGGTTCTGGCATCGATGAAGAACGCAGC","k__Fungi","p__Ascomycota","c__Sordariomycetes","o__Hypocreales",NA,NA,NA
"CCTACGGGGGCAGCCGCGGTAATACGGAGGGTGCAAGCGTTATCCGGAATCACTGGGTTTAAAGGGTGCGTAGGCGGATAAATAAGTCAGAGGTGAAAGCTCCCAGCTTAACTGGGGAACTGCCTTTGATACTGTTTATCTTGAATTATGTTGAGGTTAGCGGAATGTGACATGTAGCGGTGAAATGCATAGATATGTCATAGAACACCAATTGCGAAGGCAGCTAGCTAGGCATATATTGACGCTGAGGCACGAAAGCGTGGGGAGCGAACAGGATTAGATACCCCTGTAGTC","k__Fungi",NA,NA,NA,NA,NA,NA
"GTGAGTCATCGAGTCTTTGAACGCACATTGCGCCCCTTGGTATTCCATTGGGCATGCCTGTTCGAGCGTCATTTACACCCTCAAGCTCTGCTTGGTGTTGGGCGTCTGTCTCCGCTCCACGCGAGGACTCGCCCCAAATCCATTGGCAGCGACATCGTCGGCTTCTCGCGCAGCACATCGCGCAAGAGAAGGTCCCCGGCGGGCTCGCGATCATCAAGAAATCACCCAGTTTGACCTCGAATCAGGTAGGGATACCCGCTGAACTTAAGCATATCAATAAGCGGAGGA","k__Fungi","p__Ascomycota","c__Dothideomycetes","o__Pleosporales",NA,NA,NA
"CATACGGGAGGCTGCAGCCGCGGTAATACGGGGGATGCAAGCGTTATCCGGAATCATTGGGCGTAAAGCGCCTGTAGGTTGTCTACTAAGTCTGTTGTTAAAGACTAGGGCTTAACCCTAGAAAAGCAATGGAAACTTGTAGACTAGAGTATGGCAGGGGTAGAGGGAATTTCTAGTGTAGCGGTGAAATGCGTAGATATTAGAAAGAACACCAGTGGCGAAAGCGCTCTACTGGACCATTACTGACACTCAGAGGCGAAAGCTAGGGTAGCAAAGGGGATTAGATACCCCAGTAGTC","k__Fungi",NA,NA,NA,NA,NA,NA
"CATACGGGGGGCTGCAGCCGCGGTAATACGAAGGGGGCTAGCGTTGCTCGGAATCACTGGGCGTAAAGCGCACGTAGGCGGGTCTTTAAGTCAGGGGTGAAATCCTGGAGCTCAACTCCAGAACTGCCTTTGATACTGGAGACCTTGAGTTCGGGAGAGGTGAGTGGAACTGCGAGTGTAGAGGTGAAATTCGTAGATATTCGCAAGAACACCAGTGGCGAAGGCGGCTCACTGGCCCGATACTGACGCTGAGGTGCGAAAGCGTGGGGAGCAAACAGGATTAGATACCCGAGTAGTC","k__Fungi",NA,NA,NA,NA,NA,NA
"CATACGGGTGGCTGCAGCCGCGGTAATACGGAGGATCCGAGCGTTATCCGGATTTATTGGGTTTAAAGGGTGCGTAGGCGGCCTATTAAGTCAGGGGTGAAAGACGGTAGCTTAACTATCGCAGTGCCTTTGATACTGATGGGCTTGAATGTACTTGAGGTAGGCGGAATGTGACAAGTAGCGGTGAAATGCATAGATATGTCACAGAACACCAATTGCGAAGGCAGCTTACTAAAGTATGATTGACGCTGAGGCACGAAAGCGTGGGGATCAAACAGGATTAGATACCCCTGTAGTC","k__Fungi",NA,NA,NA,NA,NA,NA
"CTTGGTCATTTAGAGGAAGTAAAAGTCGTAACAAGGTTTCCGTAGGTGAACCTGCGGAAGGATCATTATTGAATTCATCTGCTGGGTTGTTGCTGGTTCCGTATGGTTCATGTGCACGCCTAGCTTTTGACTTTATCCCCTGTGCACTTTTGTAGTCGGCTTTTGTGTTAGGTCAAGTGTCTAGTATTAGAAATTTGACTGAGCATAGAGTTGTTCTACGTTTATACAAACCCATTGTATGTTCAGAAGTTTTTTATTGGTCGGAAGACCTTTAATCATAATACAACTATTGACAACGGATCTCTTGGCTCACGCATCGATGAAGAACGCAGC","k__Fungi","p__Basidiomycota","c__Agaricomycetes","o__Agaricales",NA,NA,NA
"CATTCGGGTGAGGGTACCTGCGGAAGAAGCGCCGGCTAACTACGTGCCAGCAGCCGCGGTAATACGTAGGGCGCGAGCGTTATCCGGAATTATTGGGCGTAAAGAGCTCGTAGGCGGTTTGTCGCGTCTGCTGTGAAAGCCCGGGGCTCAACCCCGGGTCTGCAGTGGGTACGGGCAGGCTGGAGTGCAGTAGGGGAGACTGGAATTCCTGGTGTAGCGGTGAAATGCGCAGATATCAGGAGGAACACCGATGGCGAAGGCAGGTCTCTGGGCTGTAACTGACGCTGAGGAGCGAAAGCATGGGGAGCGAACAGGATTAGATACCCGAGTAGTC","k__Fungi","p__Ascomycota",NA,NA,NA,NA,NA
"CATACGGGTGGCTGCAGCCGCGGTAATACGTAGGGTGCGAGCGTTGTCCGGAATTATTGGGCGTAAAGAGCTTGTAGGTGGTTTGTCGCGTCTGCTGTGAAAATCCGAGGCTCAACCTCGGACTTGCAGTGGGTACGGGCAGACTAGAGTGTGGTAGGGGAGACTGGAATTCCTGGTGTAGCGGTGGAATGCGCAGATATCAGGAGGAACACCGATGGCGAAGGCAGGTCTCTGGGCCATTACTGACACTGAGAAGCGAAAGCATGGGGAGCGAACAGGATTAGATACCCCGGTAGTC","k__Fungi",NA,NA,NA,NA,NA,NA
"CATACGGGGGGCAGCAGCCGCGGTAATACGTAGGGTGCGAGCGTTGTCCGGAATTATTGGGCGTAAAGAGCTTGTAGGCGGTTTGTCGCGTCTGCTGTGAAAATCCGGGGCTCAACCCCGGACTTGCAGTGGGTACGGGCAGACTAGAGTGTGGTAGGGGAGACTGGAATTCCTGGTGTAGCGGTGAAATGCGCAGATATCAGGAGGAACACCGATGGCGAAGGCAGGTCTCTGGGCCACTACTGACGCTGAGAAGCGAAAGCATGGGGAGCGAACAGGATTAGATACCCGAGTAGTC","k__Fungi",NA,NA,NA,NA,NA,NA
